{
  "center": 52.6953125,
  "top": 43.109375,
  "bottom": 62.28125,
  "height": 19.171875
}